Company Name,Address
(유)아홉,서울특별시 중구 퇴계로22길11-8, 1층, 5층(남산동3가, 프린스호텔별관)
(주) 드라마앤컴퍼니,서울특별시 강남구 테헤란로134, 5, 6층(역삼동, 포스코타워 역삼)
(주)YH데이타베이스,대구광역시 수성구 알파시티1로31길28
(주)가비아씨엔에스,경기도 성남시 분당구 삼평동 대왕판교로670, A동 403,404호, B동 312,322,323호(삼평동, 유스페이스2)
(주)같다,서울특별시 중구 청계천로100, 9층 901호 (수표동, 시그니쳐타워 서관)
(주)게임베리,서울특별시 서초구 서초대로38길12, 11층 (서초동, 마제스타시티타워2)
(주)교림소프트,서울특별시 구로구 디지털로33길27, 3층 307호 (구로동, 삼성IT밸리)
(주)구름,경기도 성남시 분당구 판교로242, A동 9층 902호(삼평동, PDC)
(주)구름네트웍스,서울특별시 광진구 광나루로36길 14, 5층(구의동 화성빌딩) 
(주)그라인더,대전광역시 유성구 대학로157, 2층 201호
(주)그렙,서울특별시 서초구 강남대로327, 2층(서초동, 대륭서초타워)
(주)그리드원,서울특별시 서초구 남부순환로347길23, 4층(서초동, 유진빌딩)
(주)글로벌테크놀로지,충청남도 아산시 음봉면 월암로436번길96-7
(주)글로브포인트,경기도 고양시 덕양구 삼원로83, 11층 06~12호 
(주)김캐디,서울특별시 강남구 역삼로136, 4층 (역삼동, 신명빌딩)
(주)깃플,서울특별시 영등포구 여의나루로4길21, 6층 (여의도동)
(주)나누고,서울특별시 영등포구 버드나루로88, 13층(영등포동7가, 인따르시아사옥)
(주)나루아이,서울특별시 구로구 디지털로33길11 에이스테크노타워8파 1403호
(주)나모,강원도 춘천시 동내면 춘천순환로108 , 502호
(주)나인코퍼레이션,서울특별시 강남구 테헤란로223, 16층 1601호
(주)네비웍스,경기도 안양시 동안구 부림로170번길41-18
(주)네오와인,경기도 성남시 분당구 백현로97, 12층 1206호
(주)네오위드넷,17, 에프동 3동 313호(시흥동,판교아이스퀘어)
(주)넥솔시스템,서울특별시 금천구 가산디지털2로115, 703호
(주)넥스티브,서울특별시 강남구 봉은사로68길75, 2층 (삼성동, 우리빌딩)
(주)넷스루,서울특별시 성동구 광나루로8길31, 2동 7층(성수동2가, 성수에스케이원브이센터)
(주)노리코리아,서울특별시 강남구 강남대로94길10, 10층(역삼동, 케이스퀘어)
(주)노머스,서울특별시 강남구 도산대로 145, 7층(신사동, 인우빌딩)
(주)누리고,서울특별시 금천구 가산디지털1로168, C동 4층 407호 (가산동, 우림라이온스밸리)
(주)누리랩,서울특별시 영등포구 영신로220 1306호
(주)니어스랩,서울특별시 강남구 논현로417, 4,5층 (역삼동, 화원빌딩)
(주)다하미커뮤니케이션즈,서울특별시 중구 마른내로 140,5층(쌍림동,인쇄정보센터)
(주)다해줘테크,서울특별시 노원구 공릉로232, 331호(공릉동, 서울과학기술대학교 제2창업보육센터)
(주)단감소프트,경기도 수원시 영통구 신원로55, 710호 (신동, 테크트리 영통)
(주)단디코리아,서울특별시 금천구 가산디지털1로212, 608호
(주)당신의집사,서울특별시 강남구 테헤란로79길6, 5층 515호(삼성동, 제이에스타워)
(주)더기프팅컴퍼니,서울특별시 성동구 상원12길1,유앤아이빌딩 3층
(주)더블엔씨,서울특별시 강남구 테헤란로501, 411호 (삼성동, 브이플렉스)
(주)더스윙,서울특별시 강남구 선릉로577, 3층 (역삼동, 조선내화빌딩)
(주)더스팟,서울특별시 성북구 개운사2길48, 고려대학교 R&D센터 640A
(주)더즌,서울특별시 서초구 강남대로 465, B동 16층 (서초동, 강남교보타워)
(주)더커머스,서울특별시 강남구 언주로135길서울특별시 강남구 언주로135길 15, 2층(논현동)
(주)더피치,대전광역시 유성구 테크노4로 17, C동 220호(관평동, 대덕비즈센터)
(주)데이타프로텍,대구광역시 북구 칠곡중앙대로427
(주)데이터몬스터즈,세종특별자치시 세종시 나성로96 더센트럴 702호
(주)데이터플로,서울특별시 강남구 테헤란로8길11-4, 2층 202호
(주)도구공간,서울특별시 서대문구 연세로50 연세대학교 공학원 118에이 (신촌동)
(주)도전하는사람들,서울특별시 구로구 디지털로26길61, 2001호 (구로동, 에이스하이엔드타워 2차)
(주)도프네트웍,인천광역시 연수구 송도과학로32 S동 2104호(송도동, 송도테크노파크아이티센터)
(주)두나정보기술,인천광역시 부평구 평천로255번길13, 부평테크노파크 M2 지식산업센터 1009호
(주)두두아이티,서울특별시 금천구 가마산로 96, 213호(가산동, 대륭테크노타운8차) 
(주)두루안,서울특별시 금천구 디지털로10길78 (가산동,1201호~1209호 가산테라타워)
(주)드로닉스,서울특별시 강남구 선릉로131길25, 3층 (논현동)
(주)드림에이스,서울특별시 성동구 성수일로19, 2층 3층 (성수동1가, 유한타워)
(주)디아이앤씨,부산광역시 해운대구 센텀중앙로78, 2101호(우동, 센텀그린타워)
(주)디에스랩글로벌,서울특별시 영등포구 의사당대로83, 5층 103호 서울핀테크랩 (여의도동, 오투타워)
(주)디에스알브이랩스,서울특별시 강남구 봉은사로20길38, (역삼동, 데미테르)
(주)디에이치로지스틱스,서울특별시 강서구 마곡중앙로171, 1008-1009호 (마곡동,마곡나루역프라이빗타워2)
(주)디엔비소프트,강원도 원주시 흥업면 한라대길 28 원주에너지기술센터 206호
(주)디와이지오텍,서울특별시 강서구 마곡중앙6로11, 보타닉파크타워3 919호
(주)디지탈쉽,서울특별시 강남구 학동로20길 13, 6층(논현동, 논현2호주차장) 
(주)디지털존마포지점,서울특별시 마포구 성암로330, 521호
(주)디투이노베이션,경기도 성남시 수정구 창업로42, 905호(시흥동,판교제2테크노밸리 경기기업성장센터)
(주)딜리버리랩,서울특별시 성동구 아차산로9길21, 2층 (성수동2가, 이레타워)
(주)딥바이오,서울특별시 구로구 디지털로33길27, 612호 613호
(주)딥브레인에이아이,서울특별시 강남구 역삼로7길6 (역삼동)
(주)딥핑소스,서울특별시 강남구 언주로508, 3층, 5층 (역삼동, 공무원연금공단)
(주)띵스플로우,서울특별시 성동구 성수이로20길51, 2층
(주)라이언로켓,서울특별시 중구 남대문로109, 12층 (다동, 국제빌딩)
(주)라이커스넷,경기도 성남시 수정구 달래내로46, 302호 (시흥동, 성남글로벌융합센터)
(주)라이프사이언스테크놀로지,서울특별시 강서구 양천로  401, B동 1207호 (가양동, 강서한강자이타워)
(주)라임,대구광역시 달서구 달구벌대로1158, 3층
(주)라티스글로벌커뮤니케이션스,서울특별시 송파구 삼학사로33, 2,4,5층(삼전동, 동원빌딩)
(주)라포랩스,서울특별시 강남구 테헤란로98길8, 6층 (대치동,  KOSMO DAESHI)
(주)레디코리아,서울특별시 서초구 동광로41, 2층 3층 6층(방배동)
(주)레몬헬스케어,서울특별시 금천구 가산디지털1로145, 1005호
(주)레전더리스,서울특별시 강남구 테헤란로218, 13층(역삼동, AP Tower(에이피타워))
(주)루나소프트,서울특별시 강남구 테헤란로325, 12층(역삼동,어반벤치)
(주)뤼이드,서울특별시 강남구 테헤란로서울특별시 강남구 테헤란로 521 , 파르나스타워 10층
(주)리눅스데이타시스템,서울특별시 강남구 봉은사로114길40, 홍선빌딩2층
(주)리드포인트시스템,전라북도 전주시 덕진구 오공로123, 608호(만성동, 전북테크비즈센터)
(주)리스트,서울특별시 강서구 화곡로416, 720호 (등촌동, 가양역 더스카이밸리5차 지식산업센터)
(주)리얼타임테크,대전광역시 유성구 배울1로283
(주)리테일앤인사이트,서울특별시 강남구 테헤란로 305, 18층
(주)리틀송뮤직,서울특별시 광진구 천호대로676, 3층
(주)링크제니시스,경기도 안양시 동안구 시민대로401,319호(관양동, 대륭테크노타운15차)
(주)마이다스아이티,경기도 성남시 분당구 판교로228번길 17, (삼평동, 판교세븐벤처밸리 마이다스아이티동)(5층,6층,7층 제외)
(주)마이다스인,경기도 성남시 분당구 판교로228번길17,마이다스아이티동 5층
(주)마이더스에이아이,서울특별시 강남구 역삼로413 대치상부타워 4, 5층
(주)마이체크업,서울특별시 양천구 안양천로1071, 이대목동병원비동 704호, 706호
(주)마인즈랩,경기도 성남시 분당구 대왕판교로644번길 49, 501호 일부, 601호 일부(삼평동,코리아벤처타운 다산타워)
(주)마켓디자이너스,서울특별시 강남구 테헤란로20길9, 3층 13층(역삼동, 동궁빌딩)
(주)맘편한세상,서울시 강남구 강남대로 94길 10 케이스퀘어 1202호 
(주)매그넘빈트,서울특별시 강남구 강남대로132길 55 엠브이타워 6층 
(주)매드업,서울특별시 서초구 서초대로74길4. 20층(서초동, 삼성생명 서초타워)
(주)매트릭스투비,서울특별시 구로구 디지털로34길27,810호(구로동,대륭포스트타워3차) 
(주)머니머신,서울특별시 구로구 디지털로33길55, 1106호(구로동, 이앤씨벤처드림타워 2차)
(주)메디아이플러스,경기도 성남시 분당구 판교로289번길20, 2동 5층
(주)메쉬코리아,서울특별시 강남구 테헤란로서울특별시 강남구 테헤란로 418 다봉타워 11,12,13층
(주)메이아이,서울특별시 강남구 테헤란로82길15, 3층 (대치동)
(주)메인라인,서울특별시 마포구 양화로92, 유남빌딩 6층(서교동)
(주)메타시스넷,서울특별시 금천구 가산디지털2로98, 2동 810호
(주)명정보기술,충청북도 청주시 청원구 오창읍 과학산업3로 168
(주)명지정보기술,전라북도 전주시 완산구 홍산남로16
(주)모니터랩,서울특별시 구로구 디지털로27가길27, 8층 9층
(주)모두싸인,부산광역시 해운대구 센텀중앙로97, A동 3610호
(주)모두싸인,서울특별시 강남구 봉은사로125, B2층 B211~B217호(논현동, 리스트강남(List Gangnam))
(주)모비젠,서울특별시 송파구 법원로128 SKV1GL메트로 시티 C동 16층 1610 ~ 1621호
(주)모스티소프트,서울특별시 영등포구 여의나루로 67 신송빌딩 1702호
(주)모아정보기술,광주광역시 북구 면앙로139번길54, 3층
(주)모젯,서울특별시 강남구 선릉로 513 - 0, 13층(역삼동,APEXTOWER)
(주)무른모,인천광역시 연수구 송도과학로32, S동 2704호(송도동, 송도테크노파크아이티센터)
(주)무한정보기술,서울특별시 영등포구 당산로2길12, 706호
(주)뭉치,경기도 하남시 미사대로550, A동 5층 018호(덕풍동, 현대지식산업센터 한강미사)
(주)뮤즈라이브,서울특별시 마포구 월드컵북로56길 19, 드림타워 10층
(주)미드키스,서울특별시 강남구 도산대로19길23, 미드키스 제1빌딩
(주)미디어솔루션,서울특별시 마포구 양화로 156 - 0 (LG팰리스빌딩 607호, 동교동) 
(주)미리디,서울특별시 구로구 디지털로31길12, 8층(구로동, 태평양물산)
(주)미소아이티,서울특별시 영등포구 영신로220, 6층 602호(케이엔케이디지털타워)
(주)미스터멘션,부산광역시 해운대구 센텀중앙로97, A동 3006호(재송동, 센텀스카이비즈)
(주)미추홀공간지적,인천광역시 연수구 송도미래로30 스마트밸리 E-1102호
(주)바토너스,서울특별시 용산구 한남대로142, 7층 703호
(주)발란,서울특별시 강남구 도산대로210, 2층(논현동,의화빌딩)
(주)백두테크놀로지스,서울특별시 강남구 언주로81길26 (역삼동)
(주)뱅크런,서울특별시 강남구 논현로140길30 5층
(주)버즈비터즈,서울특별시 용산구 한강대로366, 7층 701호 (동자동, 트윈시티 남산)
(주)베어로보틱스코리아,서울특별시 성동구 성수일로10, 11층 (성수동1가, 서울숲 ITCT 지식산업센터)
(주)보라스카이,경기도 화성시 동탄기흥로614, 더퍼스트타워 1316호(영천동)(일부제외)
(주)보이스루,서울특별시 강남구 강남대로374, 10층(역삼동, 강남스퀘어 강남2)
(주)보이저엑스,서울특별시 서초구 서초대로38길12, 10층 (서초동, 마제스타시티타워1)
(주)부동산뱅크,서울특별시 서초구 효령로242,2층(서초동)
(주)뷰노,서울특별시 서초구 강남대로479, 9층 (반포동, 신논현타워)
(주)브라이튼,경상북도 경산시 삼풍로27, 경북테크노파크 글로벌벤처동 2513호 (삼풍동)
(주)브레이브모바일,서울특별시 강남구 테헤란로415, 5층(삼성동, (주)호텔롯데 L7 강남) 
(주)브로넥스,경기도 수원시 영통구 영통로237, 5층 510호, 511호(신동, 에이스하이엔드타워 영통)
(주)브로드씨엔에스,서울특별시 구로구 디지털로243, 1208호~10호(구로동.지하이시티)
(주)브이알애드,경기도 하남시 미사대로경기도 하남시 미사대로 540, 현대지식산업센터 한강미사 2차 A동 707호(덕풍동)
(주)블록크래프터스,서울특별시 서초구 강남대로327, 17,18층 블록크래프터스(서초동, 대륭서초타워)
(주)블루데이타시스템즈,서울특별시 송파구 양재대로66길36, 4층 (가락동, 금아빌딩)
(주)블루비즈,전라북도 전주시 덕진구 만성북로전주시 덕준구 만성북로 51-25, 3046-3049호(만성동, 스페이스온지식산업센터)
(주)비바리퍼블리카,서울특별시 강남구 테헤란로 142, 12층(역삼동, 아크플레이스)
(주)비아이엔솔루션,서울특별시 영등포구 양평로21길26, 아이에스비즈타워 1403~1404호 (양평동5가)
(주)비엔아이,서울특별시 금천구 가산디지털2로46, 601호 602호 603호(가산동, 에이스태세라타워)
(주)비오시스템즈,서울특별시 금천구 가산디지털1로 128 - 0 (가산동,STX V-TOWER 611호)
(주)비온디,경기도 고양시 일산동구 정발산로43-7, 509호(장항동, 메리트 윈)
(주)비욘드테크,서울특별시 금천구 가산디지털1로165, 301호~305호 (가산동, 가산비지니스센터)
(주)비전인사이드,서울특별시 동대문구 휘경로 26-9 202호 
(주)비즈니스캔버스,서울특별시 서초구 반포대로22길39, 그라운드층 1호 (서초동, 하품싱글즈)
(주)비케이에스엔피,서울특별시 영등포구 선유로146 (이앤씨드림타워  611호, 양평동3가)
(주)비타소프트,서울특별시 구로구 디지털로26길61, 제9층 904호 (구로동, 에이스하이엔드타워2차)
(주)비플렉스,서울특별시 서초구 강남대로916호
(주)빌리언이십일,경기도 군포시 고산로166 102-504
(주)빙글,서울특별시 서초구 서초중앙로 14, 하이트진로빌딩 16층 
(주)빛컨,서울특별시 금천구 가산디지털1로165, 1202호 (가산동, 가산비즈니스센터)
(주)사이버다임,서울특별시 송파구 올림픽로 299, 12층
(주)샤플앤컴퍼니,서울특별시 강남구 도곡로111, 8층(역삼동)
(주)서남아이에스,서울특별시 금천구 디지털로130, 남성프라자9층912호
(주)선운이앤지,광주광역시 광산구 광산로87 3층
(주)센드버드코리아,서울특별시 강남구 선릉로 514, 16~17층(삼성동, 성원빌딩) 
(주)센트비,서울특별시 강남구 테헤란로431, 15층(삼성동, 저스트코타워)
(주)센티널테크놀로지,서울특별시 마포구 월드컵북로 396, 누리꿈스퀘어 연구개발동 1103호 
(주)셈웨어,서울특별시 관악구 관악로 1, 133동 103호
(주)소리를보는통로,서울특별시 성동구 성수이로22길37, 303에이(성수동2가, 성수동 아크밸리)
(주)소프트그래피,서울특별시 구로구 디지털로30길31, 906호(구로동, 코오롱디지털타워빌란트Ⅱ)
(주)소프트보울,서울특별시 서초구 반포대로10, 4층 (서초동, 신원빌딩)
(주)소프트스퀘어드,서울특별시 마포구 마포대로10길13, 4층 (공덕동, 엘지화재)
(주)소프트일레븐,경기도 안양시 동안구 학의로 282, 금강펜테리움 IT타워 1827호
(주)소프트체인,서울특별시 구로구 디지털로31길38-9 402호
(주)소프트파워, 성암로서울특별시 마포구 상암동 성암로330, 8층 808호(상암동, 디엠씨첨단산업센터)
(주)소프트퓨전,서울특별시 영등포구 영신로 220,7층 704호
(주)솔루게이트,서울특별시 금천구 가산디지털1로145, 에이스하이엔드타워 3차 11층 1104호
(주)솔루파인,경기도 하남시 덕풍북로28
(주)슈퍼진,경기도 성남시 분당구 판교역로  225-15, 7층
(주)스마트딥,서울특별시 금천구 가산디지털2로184, 2층 218호(가산동, 벽산디지털밸리2차)
(주)스마트잭,서울특별시 성동구 성수일로19, 유한타워 5층(성수동1가)
(주)스윙크,서울특별시 서대문구 연세로50, 공학원 217호(신촌동, 연세대학교)
(주)스코어스트리트,서울특별시 마포구 동교로24, 202호(합정동, 441-1)
(주)스탠스,서울특별시 노원구 공릉로232, 테크노큐브동 705호 (공릉동, 서울과학기술대학교)
(주)스토어링크 서울지점,서울특별시 중구 중림로49, 1층 (중림동)
(주)스틸리언,서울특별시 용산구 원효로90길11 업무동 12층
(주)스페이스,경기도 고양시 일산동구 경의로 369 4층(마두동, 타임빌딩) 
(주)스포카,서울특별시 강남구 테헤란로133, 3층 (역삼동, 한국타이어빌딩)
(주)스푼라디오,서울특별시 강남구 테헤란로412, 16,17층 
(주)시선아이티,부산광역시 해운대구 센텀동로51, 4층
(주)시스젠,전라북도 전주시 완산구 홍산남로 16, 301호
(주)시안솔루션,인천광역시 연수구 송도과학로 32, M동 2101호
(주)시큐레이어,서울특별시 성동구 성수일로4길25, 1407호(성수동2가, 서울숲코오롱디지털타워)
(주)시큐리티허브,서울특별시 강남구 남부순환로2645, 501호 (도곡동, 한독빌딩) 
(주)시큐브,서울특별시 구로구 디지털로26길 111,801-803호(구로동,제이앤케이디지털타워)
(주)시큐어가드테크놀러지,서울특별시 금천구 가산디지털1로16, 1516호 (가산동, 에이피타워)
(주)시큐에버,서울특별시 송파구 백제고분로9길10, 4층 (잠실동, 엠비씨아카데미빌딩)
(주)식스샵,서울특별시 서초구 강남대로311, 1213호(서초동,한화생명보험빌딩)
(주)신성ICT,경기도 안산시 상록구 한양대학로55, 컨벤션센터 615호(사동, 한양대학교)
(주)실비아헬스,서울특별시 강남구 영동대로85길20-7, 6층 (대치동, 우협빌딩)
(주)심지,울산광역시 울주군 청량읍 율리영해1길54, 102호
(주)싸이크로스,서울특별시 강남구 양재천로 191 동화빌딩 2층
(주)써머스플랫폼,서울특별시 금천구 가산디지털1로186, 13층(가산동, 제이플라츠)
(주)쓰리세컨즈,대전광역시 유성구 테크노2로13-17 가동
(주)씨씨미디어서비스,서울특별시 구로구 가마산로25길 9-9 케이엠타워7층
(주)씽크소프트,충청남도 아산시 음봉면 월산로247
(주)아도스,서울특별시 송파구 송파대로167, 비오 1021호(문정동, 문정역테라타워)
(주)아몽소프트웨어,서울특별시 강남구 언주로 542, 7층(역삼동, 굿맨타워)
(주)아우라네트웍 ,서울특별시 서초구 서초중앙로64, 301호
(주)아우름플래닛,서울특별시 마포구 홍익로25 3층
(주)아이디어콘서트,경기도 성남시 수정구 대왕판교로경기도 성남시 수정구 대왕판교로 815, 430호(시흥동, 판교창조경제밸리 기업지원허브)
(주)아이뱅크,서울특별시 금천구 가산디지털1로145, 701호
(주)아이비스,경기도 수원시 영통구 대학4로17 에이스광교타워1 909호
(주)아이스크림에듀,서울특별시 강남구 테헤란로88길15
(주)아이앤아이소프트,경기도 용인시 수지구 신수로제에이동 519호(동천동, 분당수지 U-TOWER)
(주)아이엠티소프트,경기도 안양시 동안구 엘에스로91번길16-39,801~2호
(주)아이오트러스트,서울특별시 강남구 선릉로747, 7층 (논현동, 삼성당빌딩)
(주)아이와즈,대전광역시 유성구 문지로272-16, 217호
(주)아이지에이웍스,서울특별시 마포구 양화로 45, 20층
(주)아이커머,서울특별시 영등포구 경인로775, 1동 1106호 (문래동3가, 에이스하이테크시티) 
(주)아이퀘스트,서울특별시 구로구 디지털로34길55,407호
(주)아이티노매즈,서울특별시 구로구 디지털로디지털로 306, 1201호
(주)아이티언,경기도 안양시 동안구 시민대로401, 대륭테크노타운 1211호
(주)아이티엘,서울특별시 서초구 바우뫼로175, 창덕빌딩4층,5층
(주)아이포트폴리오,서울특별시 중구 남대문로9길24 1102호(다동, 패스트파이브 타워)
(주)아임클라우드,서울특별시 영등포구 양산로53, 1106호 (양평동3가, 월드메르디앙비즈센터)
(주)아침소프트,서울특별시 구로구 디지털로34길55, 1203호(구로동, 코오롱싸이언스밸리2차)
(주)아카에이아이,서울특별시 중구 청계천로100, 9층 10층 11층 (수표동, 시그니쳐타워)
(주)아키드로우,서울특별시 서초구 매헌로16, 14층 1414호(양재동, 에이아이 양재 허브(하이브랜드))
(주)아티스츠카드,경기도 성남시 수정구 창업로54, 나동 523호(시흥동, 판교제2테크노밸리기업성장센터)
(주)악어디지털,경기도 용인시 기흥구 구성로357, A동 10층(청덕동, 용인테크노밸리)
(주)알고리마,서울특별시 강남구 영동대로342, 3층(대치동, 덕유빌딩)
(주)알엠소프트,서울특별시 금천구 가산디지털1로219, 6층 607호(가산동,벽산디지털밸리6차)
(주)알엠테크,경기도 부천시 조마루로385번길122 삼보테크노타워 2116호
(주)알지비솔루션,서울특별시 금천구 가산디지털1로226, 1403호
(주)알체라,경기도 성남시 분당구 판교로256번길25, 7층 (삼평동)
(주)알티웍스,서울특별시 서초구 방배로31길 69 2층 202호
(주)알파투쎄븐쓰리,서울특별시 중구 퇴계로10, 14층(남대문로5가, 메트로타워)
(주)애니모비,경기도 성남시 분당구 대왕판교로비동 8층 809호(삼평동,유스페이스2)
(주)애드오피,서울특별시 강남구 테헤란로623, 10층(삼성동, 삼성빌딩)
(주)애드캡슐소프트,서울특별시 서초구 동광로12길84
(주)액시스소프트,서울특별시 강남구 논현로102길논현로102길 55 3층
(주)앱닥터,서울특별시 마포구 마포대로114, 4층 401호 (공덕동)
(주)어반디지털마케팅,서울특별시 금천구 가산디지털1로 181, 10층 1001호 1002호 1003호 1004호 1007호 1008호 (가산동, 가산 W CENTER)
(주)어빌리티시스템즈,서울특별시 송파구 송파대로 111, 205동 503호, 513호~515호
(주)언더핀,서울특별시 영등포구 의사당대로83 5층 120호
(주)에너닷,서울특별시 서초구 남부순환로350길12, 7층(양재동)
(주)에너자이,서울특별시 강남구 테헤란로431, 6층 6006호(삼성동, 저스트코타워)
(주)에듀토셀,서울특별시 성북구 안암로 145, 4층 (안암동5가, 고려대학교 안암캠퍼스 라이시움)
(주)에스비정보기술,경기도 의왕시 성고개로53, 10층 에이 1016호
(주)에스아이에이,대전광역시 유성구 유성대로1689번길70 KT2연구센터
(주)에스알포스트,서울특별시 구로구 디지털로243, 508-514호(구로동, 지하이시티)
(주)에스엠티,인천광역시 부평구 평천로255번길13, 507호(청천동, 부평테크노파크엠2)
(주)에스유지,부산광역시 해운대구 센텀중앙로97, A동 2109호(재송동, 센텀스카이비즈)
(주)에스이든,서울특별시 금천구 가산디지털1로233, 218(가산동,에이스하이엔드타워9차)
(주)에스제이링크,서울특별시 마포구 월드컵북로396, 비즈니스타워 5층(상암동, 누리꿈스퀘어)
(주)에스티,서울특별시 영등포구 선유로70, 11층 1102-1호 (문래동3가, 우리벤처타운2) 
(주)에어스메디컬,서울특별시 관악구 남부순환로1838, 8층 9층(봉천동)
(주)에어큐브,서울특별시 강서구 양천로401, 강서한강자이타워 b동 606호
(주)에오스와이텍,서울특별시 송파구 법원로11길25, 비동 9층 901,902호 (문정동,에이치비지니스파크)
(주)에이디테크놀로지,경기도 수원시 영통구 광교중앙로248번길7-8
(주)에이럭스,서울특별시 마포구 매봉산로37, DMC산학협력연구센터 1001호
(주)에이블리코퍼레이션,서울특별시 서초구 강남대로465, A,B동 6층,9층 (서초동)
(주)에이블스토어,서울특별시 영등포구 영신로 220, knk디지털타워 1808호 
(주)에이블짐정보,서울특별시 송파구 바람드리길  60 2층
(주)에이아이스페라,서울특별시 성동구 연무장5가길7, 더블유동 701,702,703,704호(성수동2가)
(주)에이아이웨어,경기도 성남시 분당구 판교로744, C동 906호 (야탑동)
(주)에이아이트릭스,서울특별시 서초구 효령로77길28 7층
(주)에이앤티랩스,서울특별시 성북구 서경로124, 지하 2층 2호 (정릉동, 유담관)
(주)에이젠글로벌,서울특별시 영등포구 은행로30, 중소기업중앙회 8층801호
(주)에잇퍼센트,서울특별시 영등포구 국제금융로2길17, 13층 (여의도동, 씨티플라자)
(주)에코아이티,서울특별시 강남구 강남대로146길25, 4,5층(논현동)
(주)에프원시큐리티,서울특별시 금천구 벚꽃로234, 1402호(가산동,에이스하이엔드타워6차)
(주)엑셈,서울특별시 강서구 양천로583 A동 1208호(염창동, 우림비즈니스센터)
(주)엑소시스템즈,경기도 성남시 분당구 판교로289번길20(삼평동) 판교스타트업캠퍼스 3동 320호
(주)엑스오비스,서울특별시 강남구 테헤란로38길10, 10층
(주)엑스트라이버,서울특별시 테헤란로 302 12층 (역삼동, 위워크빌딩) 
(주)엔디씨에스,경기도 성남시 분당구 장미로42, 208호(야탑동, 야탑리더스)
(주)엔라이즈,서울특별시 서초구 서초대로77길55, 9층 (서초동, 에이프로 스퀘어)
(주)엔버랩스,서울특별시 마포구 월드컵북로402, 2205호 (상암동, 케이지아이티센터)
(주)엔씨씨,대전광역시 유성구 테크노2로 187 미건테크노월드 2차 B동 315호
(주)엔씨지글로벌,서울특별시 금천구 디지털로9길99, 704호(가산동, 스타밸리)
(주)엔젤스윙,서울특별시 서초구 강남대로311, 1208호(서초동, 한화생명보험빌딩)
(주)엔조이소프트,경기도 성남시 분당구 서현로180번길 13  701호(서현프라자)
(주)엔텍코아,대전광역시 유성구 지족로148번길5-34
(주)엔티시스,서울특별시 금천구 디지털로9길 33, 2004호, 2005호(가산동,아이티미래타워) 
(주)엔피코어,서울특별시 영등포구 양평로21길 26, 1002호
(주)엘렉시,서울특별시 송파구 송파대로111, 205동 7층 712호 (문정동, 파크하비오)
(주)엘리스 서울강남2지점,서울특별시 강남구 선릉로433, 16층 (역삼동, 세방빌딩)
(주)엘시스,전라남도 여수시 율촌면 율촌산단2로 203-59
(주)엘앤디시스템,서울특별시 영등포구 선유로선유로 70, 404호
(주)엘앰캐드,서울특별시 강남구 도산대로28길36 (현문빌딩 3층)
(주)엘엠프렌즈,서울특별시 광진구 아차산로321-1 건흥빌딩 4층
(주)엘핀,서울특별시 강서구 마곡중앙8로14, 6층 613호 (마곡동)
(주)엠그램,서울특별시 영등포구 여의대방로69길 23, 10층(여의도동, 한국금융아이티빌딩) 
(주)엠넥스,경기도 안양시 동안구 시민대로 383, B동 1001호 (관양동, 디지털엠파이어)
(주)엠시스텍,서울특별시 영등포구 양산로43, 801호(양평동3가, 양평동우림 이 비지센타)
(주)엠엘소프트,서울특별시 영등포구 양평로21가길19, 703호
(주)엠제이비전테크,대구광역시 북구 연암로40, 201동 3층 301호(산격동, 대구광역시청별관)
(주)엠텔레텍,서울특별시 금천구 가산디지털1로181, W동 811호(가산동, 가산더블유센터)
(주)엠투엠테크,경기도 성남시 수정구 청계산로686, 1동 5층 533호 외 1필지
(주)여기어때컴퍼니,서울특별시 강남구 봉은사로479, 479타워 11층
(주)여보야,광주광역시 서구 상무대로773  413호, 414호, 415호, 416호, 417호(치평동,세정아울렛)
(주)예거,서울특별시 도봉구 우이천로39길13, JN빌딩 4층
(주)오너클랜,서울특별시 서초구 강남대로99길23-8 (잠원동)
(주)오딘로보틱스,경기도 성남시 수정구 달래내로46, A타워 309호(시흥동,성남글로벌융합센터)
(주)오르고소프트,경기도 안양시 동안구 관악대로434번길9-30, 3층(관양동)
(주)오픈소프트랩,서울특별시 금천구 가산디지털1로128, 3층 303호 (가산동, 에스티엑스브이타워)
(주)오픈오브젝트,서울특별시 구로구 디지털로 288, 1306호
(주)오피지지,서울특별시 강남구 테헤란로507, 1층, 2층(삼성동, WeWork빌딩)
(주)온앤온정보시스템,서울특별시 강동구 천호대로1095, 303호 304호 (천호동, 현대코아아파트 상가)
(주)온피아,서울특별시 구로구 디지털로33길55, 1004호(구로동, 이앤씨벤처드림타워2)
(주)올리브스톤,서울특별시 강남구 강남대로 320 황화빌딩 1010호
(주)올리브헬스케어,경기도 성남시 분당구 판교역로 221, 투썬월드빌딩 1등 112호
(주)올림플래닛,서울특별시 강남구 테헤란로521, 7층 (삼성동, 파르나스타워)
(주)옴니씨앤에스,서울특별시 구로구 디지털로 288 308호
(주)와드,경기도 성남시 분당구 성남대로331번길경기도 성남시 분당구 성남대로331번길 8, 16층 1600호
(주)와우소프트,서울특별시 구로구 디지털로33길28, 우림이비즈센터1차 812~4호
(주)와이디엔에스,경기도 성남시 수정구 창업로 42, 608호(시흥동,  경기기업성장센터)
(주)와토솔루션,경기도 수원시 영통구 신원로88, 103동 1013호(신동, 디지털엠파이어2)
(주)왓챠,서울특별시 서초구 강남대로343, 3층 4층 5층 6층 7층 11층 (서초동, 신덕빌딩)
(주)우경정보기술,대구광역시 수성구 알파시티1로31길24-5
(주)우리라인,경기도 고양시 일산동구 호수로 358-25, 403호
(주)우아한형제들,서울특별시 송파구 위례성대로 2(방이동, 장은빌딩)
(주)울림,충청북도 청주시 흥덕구 오송읍 오송생명로 210, 6층
(주)원티드랩,서울특별시 송파구 올림픽로300 35층 원티드랩
(주)웨이브코퍼레이션,서울특별시 강남구 테헤란로2길27, 13층 1308호 (역삼동, 패스트파이브빌딩)
(주)웰데이타시스템,경기도 성남시 분당구 대왕판교로644번길86, 4층(삼평동)
(주)웹티즌,서울특별시 강남구 테헤란로 234 삼익라비돌빌딩 3층 
(주)위니텍,대구광역시 달서구 송현로205 대구공업대학교 복지관2층
(주)위세아이텍,경기도 성남시 분당구 판교로 253, 판교이노밸리 C동 5층(503호 제외)
(주)위시켓,서울특별시 강남구 테헤란로 211 한국고등학교재단빌딩 3층 
(주)위우너스,서울특별시 송파구 중대로135, 동관 1201호(가락동, 아이티벤처타워)
(주)위즈더플래닝,서울특별시 금천구 가산디지털2로101, B동 13층 1301,1302호(가산동, 한라원앤원타워)
(주)위즈코리아,서울특별시 강서구 양천로 583, A동 2107호(염창동, 우림블루나인비즈니스센터) 
(주)윙크스톤파트너스,서울특별시 서초구 강남대로311, 1410호
(주)유니드,경상남도 진주시 동부로169번길12, 에이동 905,906호(윙스타워)
(주)유니로보틱스,경기도 안산시 상록구 안산대학로 155 창업보육센터 503호
(주)유니온콘텐츠,서울특별시 금천구 디지털로121 에이스가산타워 906호
(주)유니파이시스템즈,경기도 안양시 동안구 시민대로 387 A동804호(디지털엠파이어)
(주)유라클,서울특별시 강남구 봉은사로108길33
(주)유비씨,경기도 안양시 동안구 시민대로248번길 25, 4층 404호(관양동, 경기창조산업안양센터)
(주)유비온,서울특별시 구로구 디지털로34길27 대륭포스트타워3차 601호
(주)유아이네트웍스,서울특별시 중구 세종대로72, 대영빌딩 4층
(주)유에이썬,경상북도 김천시 혁신2로15, 213호(율곡동, 더스퀘어)
(주)유커넥,서울특별시 강남구 테헤란로146,13층 1305호(역삼동, 현익빌딩)
(주)유프리즘,서울특별시 구로구 디지털로26길61, 2002호 (구로동, 에이스하이엔드타워2차)
(주)유플러스시스템,서울특별시 금천구 가산디지털1로25 1206호 유플러스시스템
(주)이노티브아이엔씨,서울특별시 금천구 디지털로9길99, 스타밸리 611호 612호
(주)이데아인포,대전광역시 서구 만년로67번길30, 305호
(주)이루다컴,서울특별시 금천구 가산디지털1로30 901-1호
(주)이맥스,서울특별시 영등포구 경인로775 1동 720호 (문래동3가, 에이스하이테크시티)
(주)이스트림,서울특별시 금천구 가산디지털2로18  601호
(주)이스트소프트,서울특별시 서초구 반포대로3 (서초동, 이스트빌딩)
(주)이스트시큐리티,서울특별시 서초구 반포대로3(서초동, 이스트빌딩)
(주)이십일세기소프트,서울특별시 영등포구 선유로146, 이앤씨드림타워14층 10,11호
(주)이안,서울특별시 강남구 봉은사로502, 3층 (삼성동, 삼하빌딩)
(주)이음시스템즈,서울특별시 금천구 가산동 가산디지털1로(가산동, 케이씨씨 웰츠밸리) 702호
(주)이제이엔,서울특별시 강남구 테헤란로504, 해성빌딩 8층
(주)이젬코,서울특별시 성동구 성수이로147, 809호(성수동2가,아이에스비즈타워)
(주)이지스,대구광역시 수성구 알파시티1로31길 2, 401호(대흥동)
(주)이지식스,서울특별시 강남구 봉은사로26길32-3(역삼동)
(주)이지위드,서울특별시 강남구 논현로133길유니슨빌딩 3, 4층
(주)이지지오,부산광역시 사상구 모덕로95번길108
(주)이파피루스,경기도 성남시 분당구 판교역로230, B동 408호, 409호, 410호(삼평동, 삼환하이펙스)
(주)이프커뮤니티,서울특별시 성동구 아차산로17길 49, 17층 1723호
(주)이호스트아이씨티,서울특별시 금천구 가산디지털2로98, 1동 5층509호 (가산동,IT캐슬)
(주)인디제이,광주광역시 동구 금남로광주광역시 동구 금남로 193-12, 4층 404호(금남로4가, 광주인공지능창업캠프 2호관)
(주)인솔엠앤티,대구광역시 달서구 달서대로91길35, 나동 105호, 113-119호(모다지식산업센터)
(주)인젠트,서울특별시 영등포구 국제금융로2길36, 유화증권빌딩 8,9층(여의동)
(주)인컴솔루션,서울특별시 금천구 디지털로9길46, 303호 (가산동, 이앤씨드림타워7차)
(주)인타운,부산광역시 해운대구 센텀6로21, 401호(우동, 인텔리움센텀)
(주)인터마인즈,경기도 성남시 분당구 대왕판교로644번길21, 3층(삼평동,메디포스트판교사옥)
(주)인텔리시스,서울특별시 관악구 관악로1, 138동 301-1호 (신림동, 서울대학교)
(주)인포마이닝,서울특별시 영등포구 도신로15라길5-4(도림동, (주)오성미디컴공장)
(주)인포바인,서울특별시 영등포구 여의대로24, 40층(여의도동, 전국경제인연합회회관)
(주)인포스,대전광역시 유성구 죽동로71
(주)인포웍스,서울특별시 금천구 가산디지털1로145, 1302호 608호
(주)인프랩,경기도 성남시 분당구 대왕판교로660, A동 405호(삼평동,유스페이스1)
(주)임픽스,서울특별시 동대문구 천호대로375, 3층 (장안동,학인빌딩)
(주)자비스앤빌런즈,서울특별시 강남구 테헤란로332, 10층 (역삼동, 에이치제이타워)
(주)자이닉스,서울특별시 구로구 디지털로31길53, 1101호(구로동, 이앤씨벤처드림타워 5차)
(주)재미,서울특별시 금천구 가산디지털1로131 BYC하이시티 B동 301호, 302호
(주)저스트큐,서울특별시 송파구 오금로15길5-12, 5층 (방이동, 정환빌딩)
(주)제네시스랩,서울특별시 중구 명동길73, 5층 제네시스랩
(주)제노임펙트,서울특별시 성동구 아차산로17길48 1동 1012~1014호
(주)제로웹,부산광역시 해운대구 수영강변대로 140, 부산문화콘텐츠콤플렉스 806
(주)제론소프트엔,서울특별시 중구 퇴계로36길 2 1115호
(주)제스아이앤씨,서울특별시 구로구 디지털로242, 501호(구로동, 한화비즈메트로1차)
(주)제윤,대구광역시 달서구 성서공단로11길 62, 대구융합R&D센터 1035호
(주)제이니스,서울특별시 성동구 성수일로 77, 511호 512호(성수동1가,서울숲아이티밸리) 
(주)제이솔루션,대구광역시 북구 경대로17길47, 지하1층 B129호(경북대학교 테크노빌딩)
(주)제이엘케이,서울특별시 강남구 테헤란로33길5
(주)조은아이앤에스,서울특별시 영등포구 선유로 70, 우리벤처타운2차 303호
(주)조인트리,광주광역시 서구 마륵로광주광역시 서구 마륵로 28-1
(주)즐거운,서울특별시 강남구 언주로 709 송암빌딩 7층
(주)지경솔루텍,서울특별시 금천구 가산디지털1로225, 1419호(가산동,에이스가산포휴)
(주)지농,경기도 안양시 동안구 시민대로248번길  25 801호
(주)지에스아이엘,서울특별시 서초구 청계산로193 B1(신원동)
(주)지오유,경기도 용인시 처인구 유림로154번길20-13, 지오유
(주)지와이네트웍스,인천광역시 연수구 컨벤시아대로204, 인천 스타트업파크 인스타1 406호(송도동)
(주)지우정보기술,경기도 성남시 중원구 사기막골로177, 1001호~1003호(상대원동, 금강하이테크밸리)
(주)지인시스템,서울특별시 송파구 송파대로167, 문정역테라타워 비동 1303호
(주)지후소프트,서울특별시 영등포구 경인로775 에이스하이테크시티 2동 809호
(주)직랩,서울특별시 강남구 강남대로112길 32, 4층
(주)진우소프트이노베이션,제주특별자치도 제주시 첨단로8길주소지변경
(주)짐싸,서울특별시 강남구 테헤란로302, 14층(역삼동, 위워크타워)
(주)차미마케팅,서울특별시 금천구 가산디지털2로166, 513호,514호,515호,516호
(주)천명소프트,서울특별시 서초구 바우뫼로 194, 5층 
(주)첨단공간정보,경기도 고양시 일산동구 호수로340-28
(주)초이스테크놀로지,인천광역시 연수구 송도과학로32, 에스1404호
(주)촉,대전광역시 유성구 어은로51번길 44, B1층 (어은동)
(주)카이런소프트,대전광역시 유성구 테크노3로65,405호(관평동,한신에스메카)
(주)카펜스트리트,서울특별시 강남구 언주로93길27, 6층, 7층, 8층(역삼동)
(주)캐스트이즈,서울특별시 관악구 남부순환로1931, 3~7층
(주)캐시멜로,충청남도 아산시 음봉면 산동안길14, 1층
(주)캐치잇플레이,제주특별자치도 제주시 중앙로217, 제주벤처마루 708호
(주)커널랩스,서울특별시 성동구 성수일로111, 13층 1310-1315호 (성수동1가, 성수선명스퀘어)
(주)커먼컴퓨터,서울특별시 서초구 매헌로8길47 비동 405호 (양재동,희경재단2-3)
(주)컬처메이커스 ,서울특별시 강남구 삼성로95길35, 2층 (삼성동, 메디스퀘어빌딩)
(주)컴트루테크놀로지,서울특별시 마포구 성암로330 - 0 (상암동,DMC첨단산업센터 410호)
(주)케이시크,대전광역시 유성구 죽동로73
(주)케이쓰리아이,대전광역시 유성구 엑스포로대전광역시 유성구 엑스포로 1,16층(도룡동 사이언스센터)
(주)케이지제로인,서울특별시 중구 통일로 92 (순화동, 케이지타워)17층
(주)코너스,서울특별시 성동구 상원1길26 서울숲에이타워 806호
(주)코드스테이츠,서울특별시 서초구 서초대로396, 20층 스파크플러스(서초동, 강남빌딩)
(주)코드엠,서울특별시 금천구 서부샛길606, A동 1810호
(주)코드원,경기도 고양시 덕양구 충장로2 507호
(주)코라이즈테크놀로지,서울특별시 영등포구 여의대방로65길6, 3층 302호 (여의도동, 센터빌딩)
(주)코레이즈홀딩스,서울특별시 성동구 연무장5길 9-16, 601,602,603호(성수동2가, 블루스톤타워)
(주)코리아퍼스텍,서울특별시 강서구 화곡로222(화곡동)
(주)코비젼,서울특별시 강서구 마곡중앙8로7길11, 5층 (마곡동, 디앤씨캠퍼스)
(주)코아맥스테크놀로지,서울특별시 금천구 가산디지털1로16, 1625호 1626호 (가산동)
(주)코아텍(의왕),경기도 의왕시 오봉산단1로12 804호,805호(이동,에이스하이테크비전21)
(주)코인플러그,경기도 성남시 수정구 달래내로46, B동 710호 (시흥동, 성남글로벌융합센터)
(주)코트라스,대구광역시 북구 오봉로164, 7층 702호, 703호
(주)콘텐츠브릿지,서울특별시 강남구 언주로517 KT-IDC 14F
(주)쿠콘,서울특별시 영등포구 영신로220(영등포동8가, 케이앤케이디지털타워 19층)
(주)쿼렌시스,서울특별시 성동구 연무장5가길 25, SK V1 Tower 810호
(주)큐센텍,서울특별시 영등포구 선유로 170, 201
(주)크래프톤 서초,서울특별시 서초구 서초대로38길 12, 6~9층, 11층, 13층
(주)크리마,서울특별시 성동구 아차산로17길48 1동 1112~1114호
(주)크리에이트립,서울특별시 강남구 강남대로484, 7층 702호 (논현동, HK빌딩)
(주)클라썸,서울특별시 강남구 테헤란로2길 27, 14층 1401호(역삼동, 비젼타워)
(주)탈잉,서울특별시 성동구 아차산로68 (성수동2가, AU COMMERCE)
(주)터치터치,서울특별시 노원구 광운로20 광운대학교 누리관 207호
(주)테르텐,서울특별시 구로구 디지털로26길61, 602호
(주)테이텀,서울특별시 강남구 테헤란로501, 616호, 618호 (삼성동, 브이플렉스)
(주)테크플렉스,대전광역시 유성구 덕명로71번길 16
(주)텐핑거스,서울특별시 서초구 나루터로62, 7층 (잠원동)
(주)텔로스,전라북도 전주시 완산구 팔달로4층
(주)텔루스,서울특별시 영등포구 당산로41길 11, 212호(당산동4가, 당산SK V1센터)
(주)토이스미스, 논현로67길서울특별시 강남구 역삼동 논현로67길23 2층(역삼동)
(주)투게더앱스,서울특별시 강남구 논현로111길23, (논현동, 에스티빌딩)
(주)투비스마트지점,경기도 성남시 중원구 양현로409, 10층 3,4호(여수동, 어반스퀘어)
(주)투비원솔루션즈,서울특별시 송파구 법원로127, 712호 (문정동, 문정대명벨리온)
(주)투비유니콘,대전광역시 서구 계백로 1135, mk빌딩 503호
(주)튜링,서울특별시 강남구 테헤란로415, 오피스동 4층 401호 (삼성동, (주)호텔롯데 L7 강남)
(주)튠잇,경기도 성남시 분당구 느티로51번길4-11
(주)트리거파트너스,서울특별시 강남구 논현로114길11, 2층 
(주)트리니티소프트,경기도 안양시 동안구 학의로 282 (관양동, 금강펜테리움IT타워 에이동 901,902.903호)
(주)트리플, 판교역로14번길경기도 성남시 분당구 백현동 판교역로14번길민프라자 2층, 3층
(주)트릿지,서울특별시 서초구 방배로226, 2,4,5,6, 별관2층 (방배동, 넥센강남타워)
(주)티라유텍,서울특별시 강남구 학동로5길 7, 04층,06층(논현동,풍원빌딩)
(주)티벨,서울특별시 강남구 강남대로354, 905호
(주)티엔씨테크날로지,서울특별시 강남구 도곡로 117, 옥신타워 12층(역삼동) 
(주)티지360테크놀로지스,서울특별시 강남구 테헤란로110, 20층(역삼동, 켐브리지 강남빌딩)
(주)티클,서울특별시 용산구 이태원로200, 4층 413호 
(주)팀엘리시움,서울특별시 서초구 효령로29길77, 네오피스빌딩 2층 (방배동)
(주)팀오투,서울특별시 강남구 테헤란로2길21, 9층~10층 (역삼동, 타워300)
(주)파로스정보통신,충청남도 홍성군 홍북읍 첨단산단2길30
(주)파루씨앤씨,서울특별시 구로구 디지털로33길55, 5층 504호 (구로동, 이앤씨벤처드림타워2차)
(주)파모즈,서울특별시 마포구 토정로121-1, 3층
(주)파운트,서울특별시 중구 한강대로416, 13층 033호 036호 (남대문로5가, 서울스퀘어)
(주)파이랩테크놀로지,서울특별시 성동구 성수일로8길5, 비동 201,202,301,302,410,402호(성수동2가,서울숲에스케이브이원타워)
(주)파이퀀트,서울특별시 용산구 한강대로372, C동 201호 (동자동, 센트레빌아스테리움서울)
(주)팝콘솔루션,서울특별시 광진구 광나루로478, 402호(구의동, 광진 경제허브센터 도약관)
(주)패브릭타임,서울특별시 성동구 광나루로286, 5층 (성수동2가, 아인빌딩)
(주)퍼스트코,경기도 고양시 덕양구 통일로 140, B동 지하2층 236호(동산동,삼송테크노밸리)
(주)퍼플랩스,서울특별시 강남구 역삼동 선릉로93길 40, 1층 103호 (역삼동, 나라키움역삼A빌딩)
(주)펀앤뉴,경기도 용인시 기흥구 동백3로11번길 3, 801호 (중동, 동백역타워)
(주)펄핏,서울특별시 강남구 역삼로17길51, 3층 (역삼동, 미드타운센터 역삼)
(주)페라솔루션,서울특별시 중구 퇴계로213, 407호
(주)페르세우스,서울특별시 강남구 테헤란로501, 5층 535호 (삼성동)
(주)페이타랩,서울특별시 강남구 영동대로85길34, 601호 (대치동)
(주)페이히어,서울특별시 강남구 강남대로374, 16층, 17층 (역삼동, 케이스퀘어강남2)
(주)페칭,서울특별시 서초구 사평대로55길33, 3층 301호 (반포동, 진석빌딩)
(주)포그리트,경기도 성남시 분당구 대왕판교로 660, 에이동 3층 302호(삼평동,유스페이스1)
(주)포도,경기도 성남시 수정구 창업로42, 226호, 227호(시흥동, 제2판교테크노밸리 경기기업성장센터)
(주)포비즈코리아,서울특별시 서초구 바우뫼로37길56 2층(양재동,건영빌딩)
(주)포스윈,서울특별시 구로구 디지털로31길19 ,에이스테크노타워2차 701호
(주)포시에스,서울특별시 강남구 논현로 646 5층(논현동)
(주)포티투마루,서울특별시 서초구 신반포로310 (반포동)
(주)폴리큐브,서울특별시 강남구 테헤란로86길15, 4층(대치동, 동구빌딩)
(주)푸른망아지,서울특별시 관악구 남부순환로1838, 10층 (봉천동, C.S타워)
(주)퓨처로봇,서울특별시 강남구 역삼로413, 6층(대치동, 대치상부타워)
(주)퓨쳐위즈,서울특별시 강남구 테헤란로4길 14, 7층(역삼동, 미림타워) 
(주)프라이머리넷,경기도 부천시 부일로233번길 18, 902호 (주)프라이머리넷
(주)프라이빗노트,서울특별시 강남구 역삼로 462, 1층 (대치동)
(주)프람트테크놀로지,서울특별시 강남구 논현로81길12, 1층(역삼동, 조앤리빌딩)
(주)프리윌린,서울특별시 관악구 봉천동 관악로217, 3층, 11층(봉천동, 동진빌딩)
(주)플라스크,서울특별시 서초구 서초대로396, 17층 1705호 (서초동, 강남빌딩)
(주)플랜아이,대전광역시 유성구 문지로282-10
(주)플랜잇헬스케어,서울특별시 강남구 역삼로111, 4층
(주)플레이링스,경기도 성남시 분당구 황새울로326, 4층
(주)플레이오토,서울특별시 구로구 디지털로26길 123 (구로동, 지플러스코오롱디지털타워 14층)
(주)플레이하드,서울특별시 마포구 토정로47 서일빌딩 3층
(주)플리토,서울특별시 강남구 테헤란로211, 9층
(주)피르마이노베이션그룹,서울특별시 중구 퇴계로 10, 14층(남대문로5가, 메트로타워)
(주)피씨엔,서울특별시 강남구 학동로146(논현동)
(주)피알앤디컴퍼니,서울특별시 서초구 서초대로74길14, 8층 (서초동, The Asset)
(주)피엘지,부산광역시 북구 만덕3로16번길 1, 부산이노비즈센터 302호
(주)피트,경기도 성남시 분당구 성남대로381, 7층 706호(정자동, 폴라리스빌딩)
(주)피플벤처스,서울특별시 마포구 성암로330 DMC첨단산업센터 621호
(주)피플펀드컴퍼니,서울특별시 서초구 서초대로74길14, 15층 16층 (서초동)
(주)픽소,서울특별시 마포구 월드컵북로6길53, 4층,5층 (연남동,카라빌딩)
(주)핀그램,경기도 용인시 기흥구 흥덕1로 13, 타워동 2207호(2207-1호 제외)(영덕동, 흥덕IT밸리)
(주)핀다,서울특별시 강남구 테헤란로518, 4층(대치동, 한국섬유산업연합회)
(주)핀업,서울특별시 강남구 삼성로95길10, 4층(삼성동, 핀업빌딩)
(주)필라넷,서울특별시 강남구 도산대로164, 5층 (논현동, 에스엘빌딩)
(주)핑거,서울특별시 영등포구 여의대로24, 43층(여의도동, 전국경제인연합회회관)
(주)하얀마인드,대전광역시 유성구 온천로45, 유성 푸르지오시티 208호
(주)하우스오브리벨스,서울특별시 강남구 논현로134길5, 402호(논현동)
(주)하이어엑스,서울특별시 중구 남대문로9길24, 3층 301_1호 패스트파이브 시청 1호점 (다동, 패스트파이브타워)
(주)하이지노,경기도 안양시 동안구 시민대로248번길  25, 안양창조산업진흥원 703호,706호
(주)하이컴텍,서울특별시 금천구 가산디지털1로145 1802(가산동, 에이스하이엔드타워3차)
(주)하이퍼리즘,서울특별시 관악구 관악로116, 2층
(주)하이퍼커넥트,서울특별시 강남구 영동대로517, 20층 12층 (삼성동, 아셈타워)
(주)한국기업보안,서울특별시 서초구 강남대로99길53, 4층(잠원동, 삼우빌딩)
(주)한국아이티컨설팅,서울특별시 서초구 서초중앙로63 리더스빌딩 1503호
(주)한국해양기상기술,서울특별시 구로구 경인로53길 90 1503호,1504호
(주)한길더블류아이티,경기도 성남시 중원구 둔촌대로 449 (상대원동, 중앙이더스피아 403호, 410호)
(주)한신정보기술,충청북도 청주시 흥덕구 공단로 134 세중테크노밸리 607호
(주)한컴위드,경기도 성남시 분당구 판교역로235, 에이치스퀘어 엔동 215호(일부제외)
(주)한컴인스페이스,대전광역시 유성구 유성대로1312번길20-62, 3층(장동)
(주)한터글로벌,서울특별시 강남구 봉은사로109길4, 2층
(주)해올정보기술,서울특별시 서초구 서초중앙로41, 10층(서초동, 대성빌딩)
(주)핸디커뮤니케이션즈,서울특별시 금천구 가산디지털1로165, 가산비지니스센터 602호
(주)행복한다람쥐단,인천광역시 미추홀구 인하로100, 204호(용현동, 인하대학교 인하드림센터 1관)
(주)헤렌,서울특별시 성동구 성수일로8길5, 에이동 302, 303, 304, 305호(성수동2가, 서울숲에스케이브이1타워)
(주)헥슬란트,서울특별시 강남구 강남대로340 경원빌딩 7층
(주)헬로월드,서울특별시 강남구 봉은사로18길 60 지트라움빌딩(역삼동)
(주)헬스허브,서울특별시 서초구 강남대로101길31, 4층(잠원동, 아세아빌딩)
(주)휴노,서울특별시 마포구 마포대로109, 101-1002~1004
(주)휴라,대전광역시 유성구 반석로대전광역시 유성구 반석로 10, 506호
(주)휴랜,인천광역시 연수구 인천타워대로99, 9층 및 1004호 (송도동, 애니오션빌딩)
(주)휴마트컴퍼니,서울특별시 서초구 잠원동 강남대로9층 (K-Tower)
(주)휴먼스케이프,서울특별시 강남구 봉은사로86길6, 601호(삼성동, 빌딩레베쌍트)
(주)휴먼플러스,서울특별시 영등포구 당산로41길11, 당산에스케이브이1센터 1302,1303호
(주)휴메카정보통신,서울특별시 중구 마장로 66, 5층 (흥인동, 성은빌딩)
(주)휴엔시스템,서울특별시 금천구 가산디지털1로 168 우림라이온스밸리 B-412
(주)힉스,대전광역시 대덕구 대화로106번길66, 628호 (대화동, 펜타플렉스)
㈜공간소프트,서울특별시 금천구 가산디지털1로171, 715호
㈜니트로아이,경기도 수원시 팔달구 경수대로446번길 24, 5층(인계동)
㈜무신사랩,서울특별시 강남구 테헤란로79길6, 5층 518호, 519호
㈜비손콘텐츠,경기도 안양시 동안구 시민대로327번길11-41, 212호(관양동)
㈜에이씨케이,경기도 하남시 조정대로 150-0 아이테코 933호
㈜에이아이더뉴트리진서울사무소,서울특별시 강남구 논현로503, 17층
㈜피앤피시큐어,경기도 성남시 분당구 대왕판교로645번길16 (삼평동, 플레이뮤지엄)
가우디오랩 주식회사(Gaudio Lab, Inc.),서울특별시 강남구 테헤란로505, 2층 (삼성동, 싹타워)
경성테크놀러지,부산광역시 해운대구 센텀중앙로부산광역시 해운대구 센텀중앙로 66, 901호(센텀 T타워)
공간정보기술㈜,경기도 성남시 분당구 판교로228번길 15, 3동 601호(삼평동, 판교세븐벤처밸리1)
구루멘토링(주),서울특별시 구로구 디지털로243, 지하이시티 705호 
굿모니터링(주),서울특별시 서대문구 간호대로3길24-8, 3층
그린캣소프트(주),경기도 성남시 수정구 창업로 42, 632호(시흥동, 경기기업성장센터)
기분좋은커뮤니케이션,서울특별시 구로구 디지털로288, 906호
나인파이브,서울특별시 서초구 사임당로78 (서초동)
넛지헬스케어 주식회사,서울특별시 강남구 역삼로1길8 (역삼동, 평익빌딩)
네오그라프,서울특별시 금천구 가산디지털2로123, 1408호 (가산동, 월드메르디앙벤처센터2)
네오카텍,경기도 군포시 공단로356-51, 3층(산본동, 대영빌딩)
누비랩,인천광역시 서구 정서진로 410, 연구단지 본부동 D209호
다손테크(주)(지점),서울특별시 금천구 서부샛길638, 802호 (가산동, 대륭테크노타운7차(금천지점))
다솜네트웍스(주),서울특별시 마포구 독막로248-5, 1층 101
다온플레이스(주),전라남도 나주시 우정로56, B-204호
다인리더스,서울특별시 성동구 성수일로8길5, 에이동 2006호
다한정보기술,서울특별시 금천구 서부샛길606, 비동 24층 2410, 2411호 (가산동, 대성디폴리스지식산업센터)
단비코리아,서울특별시 성동구 성수일로99, 1009호
당근마켓,서울특별시 서초구 서초동 강남대로 465, 교보타워 11층 
데브시스터즈(주),서울특별시 강남구 도산대로 327(신사동, SGF청담타워) 
데이블,서울특별시 강남구 테헤란로서울특별시 강남구 테헤란로 507, 4층(삼성동, 위워크빌딩)
데일리펀딩,서울특별시 강남구 언주로620, 9층 (논현동, 현대인텔렉스) 데일리펀딩
두나무(주),서울특별시 강남구 테헤란로4길14, 4,5,14,15층 (역삼동, 미림타워)
듀코젠,서울특별시 마포구 성암로330, 5층 517호 (상암동, DMC첨단산업센터)
드제이,서울특별시 마포구 양화로12길8-6 대륭빌딩 2층
디노플러스(주),서울특별시 강남구 선릉로112길14 3층 (삼성동, 제이에스빌딩)
디딤365 주식회사 (Didim365 Inc.),서울특별시 금천구 가산동 디지털로9길 68, 20층 2006~2010호, 16층 1601,1602호
디비비전(주),서울특별시 금천구 디지털로9길 68 대륭포스트타워5차 809호(가산동)
디앤에스에버 주식회사,서울특별시 강남구 강남대로372, 9층 (역삼동, FINE TOWER)
디어코퍼레이션,서울특별시 강남구 봉은사로82길13, 단독 (삼성동) 
디지탈센스,서울특별시 금천구 벚꽃로254, 603호 (가산동, 월드메르디앙1차)
디토닉(주),경기도 안양시 동안구 시민대로248번길1006호 (관양동, 경기창조사업안양센터)
라온스토리,서울특별시 구로구 디지털로33길28, 우림이비지센터1차 1307호(구로동, 170-5)
라온화이트햇,서울특별시 강남구 테헤란로 145, 13층(역삼동,우신빌딩) 
라이브몰로,경기도 성남시 수정구 달래내로46, 성남그로벌융합센터 A동 203호
라임프렌즈,서울특별시 금천구 가산디지털1로16, 611-에프호(가산동, 에이피타워)
람다256주식회사,서울특별시 강남구 테헤란로4길14, 4층(역삼동 미림타워)
레드테이블,서울특별시 중구 명동3길6, 7층(명동1가, 개양빌딩)
로데브(주),경기도 안양시 동안구 벌말로66 B-F908 (관양동, 평촌역하이필드)
로앤굿 주식회사,서울특별시 강남구 테헤란로83길18, 5층 (삼성동, 매직킹덤빌딩)
로완,서울특별시 중구 통일로10, 플래그원 1822호 (남대문로5가, 연세대학교 세브란스빌딩)
루센트블록,대전광역시 유성구 엑스포로신세계백화점 오노마호텔 11층 (도룡동)
리눅스아이티,광주광역시 광산구 금봉로44번길53-18
리디(주),서울특별시 강남구 테헤란로 325,4층 10~11층(역삼동,어반벤치빌딩) 
마이뮤직테이스트,서울특별시 강남구 논현로131길41-5 (논현동)
마인드로직 주식회사,서울특별시 중구 삼일대로343, 7층 101호 (저동1가, 대신파이낸스센터)
마크애니,서울특별시 중구 퇴계로286, 7,10,13층 (쌍림동, 쌍림빌딩)
마피아컴퍼니,서울특별시 용산구 한강대로366, 오피스동 8층 809호
매드오카,서울특별시 구로구 디지털로306, 309호 (구로동,대륭포스트타워2차)
매스프레소,서울특별시 강남구 선릉로 428, 17층(대치동)
매쓰팡,서울특별시 관악구 관악로168, 4층 401호(봉천동, 대우디오슈페리움 2단지)
메가존(주),서울특별시 강남구 논현로85길 46, 6~7층
메가존클라우드(주),서울특별시 강남구 논현로85길46, 4층5층
메디컬아이피(주),서울특별시 종로구 대학로 101 서울대학교 암연구소 806호 
메타빌드(주),서울특별시 서초구 서초중앙로62, 6층 (서초동, 우일빌딩)
메트로소프트,경기도 안양시 동안구 엘에스로91번길16-39 606,607호
모두닥 주식회사,서울특별시 강남구 테헤란로2길27, 1204호 (역삼동, 패스트파이브빌딩)
모디엠,서울특별시 성동구 성수일로4길25, 1202호,1203호,1204호,1502호(성수동2가, 서울숲코오롱디지털타워)
모바일엔트로피,서울특별시 마포구 독막로275 광성벤쳐프라자 6층
모비어스앤밸류체인(주),서울특별시 강남구 테헤란로326, 역삼아이타워 4층
몬드리안에이아이,인천광역시 연수구 송도문화로 119 인천글로벌캠퍼스 복합문화센터 B1층 B1020호 
무브 주식회사,서울특별시 강남구 테헤란로55길17, 어반9빌딩 3층(역삼동)
뮤직카우,서울특별시 중구 세종대로92, 9층 (태평로2가, 한화금융센터 태평로)
미디어코어시스템즈,경기도 화성시 동탄대로23길93 아너스카이 205호,207호,209호,211호
미림미디어랩(주),서울특별시 마포구 매봉산로 37, 1006호(DMC산한협력연구센터) 
버바검프(주),서울특별시 서초구 서초대로398, 6층 634호 (서초동, 비엔케이디지털타워)
버즈빌,서울특별시 송파구 석촌호수로 272, 2,3,5층
브이씨엔씨(주),서울특별시 강남구 테헤란로507, 9층 (삼성동, WeWork빌딩)
블록웨어,서울특별시 송파구 법원로128, 문정에스케이브이원지엘메트로시티 a동 1210호
블루가(주),경기도 성남시 분당구 성남대로69, 606호 (구미동 로드랜드이지타워)
블루시스,대구광역시 동구 동부로26길33, 3층 303호
비디에스인포컴(주),서울특별시 금천구 가산디지털1로196 1106호
비브로스,서울특별시 영등포구 여의대로108, 31층 (여의도동, 파크원타워2)
비주얼캠프,서울특별시 서초구 매헌로16길32, F동 4층 401호(양재동, 희경빌딩)
비트루브,서울특별시 강남구 역삼로175 지하1층
비트바이트,서울특별시 마포구 마포대로122, 프론트원 15층 (공덕동)
빅펄주식회사,서울특별시 강남구 테헤란로63길11, 3층(삼성동)
사이클롭스주식회사,서울특별시 강남구 강남대로124길3-9, 4층 (논현동)
삼부기술(주),경기도 안양시 동안구 학의로268(관양동. 메가밸리) 604호
삼정데이타서비스(주),서울특별시 구로구 디지털로 306, 제4층(제416호,제417호,제421호) (구로동, 대륭포스타워2차) 
상상스토리(주),서울특별시 구로구 디지털로288, 2006호(구로동, 대륭포스트타워1차)
서광항업(주),경상북도 상주시 상서문2길33, 202동 201호
서울소프트,충청북도 충주시 중앙로80, 501호(성서동)
서울시스템(주),서울특별시 종로구 경희궁길 14, 4층(신문로2가 신영빌딩) 
성민네트웍스,서울특별시 구로구 디지털로243, 8층 813호 814호 (구로동, 지하이시티)
세기정보통신(주),서울특별시 구로구 디지털로272 - 0, 구로동한신IT타워 1212~1214호
셀렉트스타 주식회사,서울특별시 강남구 테헤란로20길20 삼정빌딩 11층
솔루션코리아(주),대구광역시 북구 유통단지로50 5층 501호
솔트웨어(주),서울특별시 구로구 디지털로34길 55 901,902,913,914호(구로동, 코오롱싸이언스밸리2차)
쉬프트정보통신(주),경기도 성남시 분당구 판교로242, C동 602호(삼평동, 판교디지털센터)
슈어엠(주),서울특별시 광진구 광나루로56길85, 8층 씨120호, 19층 6호 (구의동, 테크노-마트21) 
스마일드래곤(주),경기도 고양시 일산동구 백마로195, 제13층 제13001-1호(장항동, 엠시티타워&엠시티오피스텔)
스마트쿱(주),서울특별시 성동구 왕십리로58, 506호 507호
스탠다드네트웍스주식회사,서울특별시 강남구 봉은사로18길  84, 2층(역삼동)
스테이폴리오,서울특별시 종로구 자하문로9길24 2층 (주)스테이폴리오
스트라티오코리아,서울특별시 서초구 명달로106, 2층
스페이스워크(주),서울특별시 성동구 왕십리로125, 519호(성수동1가, KD타워)
시너지에이아이 주식회사,서울특별시 강서구 양천로424, 5층 501호, 502호, 504호 (등촌동, 가양역 데시앙플렉스 지식산업센터)
심심이(주),서울특별시 강남구 테헤란로78길14 - 14 (대치동,제나빌딩 6층)
써밋디자인,충청남도 아산시 배방읍 북수로충청남도 아산시 배방읍 북수로54, 501호
쏘마,경기도 성남시 분당구 판교로255번길24, 4층 일부(삼평동, 아이앤씨빌딩)
씨아이그룹,서울특별시 서초구 효령로62, 백산빌딩 2층 3층(방배동)
씨알에스큐브,서울특별시 마포구 월드컵북로396, 807호 (누리꿈스퀘어 연구개발타워)
씨엔티테크(주),서울특별시 서대문구 증가로29길35 씨엔티테크빌딩
씨엘,대구광역시 달서구 중흥로 20 중소기업성장지원센터 204호
씨엠유니버스(주),서울특별시 금천구 가산디지털1로142, 1319호 (가산동,가산더스카이밸리1차)
씨유박스,서울특별시 강남구 테헤란로22길12(역삼동)
씨지에스아이티(주),서울특별시 금천구 가산디지털1로1, 1208호
아날로그플러스,경기도 성남시 수정구 대왕판교로경기도 성남시 수정구 대왕판교로 815, 기업지원허브 ICT문화융합센터 431호
아드리엘,서울특별시 종로구 삼봉로94 94빌딩 1604-5호, 202-3호
아라소프트(주),경상남도 진주시 정촌면 뿌리산단로 90(예상리) 
아르고넷,대전광역시 유성구 유성대로1689번길8-18
아름누리메디컴,경기도 용인시 수지구 신수로 767,에이동611호(동천동,분당수지유타워지식산업센터)
아미스테크놀로지(주),서울특별시 강서구 강서로442, 5층 (등촌동, KT가양지사)
아와소프트,경기도 성남시 분당구 성남대로916번길11, 201호, 304호 (야탑동 글라스타워)
아이디노,부산광역시 해운대구 센텀중앙로66, 3층(우동, 센텀T타워)
아이알링크(주),서울특별시 성동구 성수일로4길25 - 0 (서울숲코오롱디지털타워 13층, 성수동2가)
아이티팜(주),경기도 성남시 분당구 황새울로200번길34, 704호(수내동,코포모빌딩)
아틀라스네트웍스,서울특별시 구로구 경인로53길90, 506호 1007호 1008호(구로동, 에스티엑스더블유타워)
알고케어(주),서울특별시 서초구 성촌길56, 7층 701호,702호
알엔에이애널리틱스㈜,서울특별시 종로구 청계천로35, 1302호 RNA
알투소프트,대전광역시 중구 중앙로119, 디스테이션 7층 703호
액션파워,서울특별시 관악구 남부순환로 1838 CS타워 11층
앤시정보기술(주),부산광역시 해운대구 센텀서로 30, 2003호,2004호,2005호(우동, 케이엔엔타워)
양재미디어(주),서울특별시 영등포구 당산로41길 11,420호(당산동4가,당산에스케이브이1센터)
어니언커뮤니케이션즈,경기도 부천시 조마루로385번길92, 1128~1130호(원미동, 부천테크노밸리 유1센터)
업라이즈(주),경기도 성남시 분당구 황새울로360번길 25,  12층 01호(서현동, 한서빌딩)
에스에스앤씨 주식회사,경기도 광명시 일직로43, C동 11층 14~19호(일직동, GIDC)
에스엔비플러스,서울특별시 금천구 가산디지털2로 14, 1214호(가산동, 대륭테크노타운12차)
에이비일팔공,서울특별시 서초구 강남대로61길17, 3층 (서초동, 밀라텔 쉐르빌)
에이치아이티주식회사,경기도 용인시 기흥구 기흥로58-1, 에이동 2707호, 2708호
엑세스(주),서울특별시 구로구 디지털로31길41, 901호(구로동, 이앤씨밴처드림타워6차)
엑스이허브㈜,서울특별시 강남구 논현로149길67-10, 3층
엔트로피패러독스 주식회사,서울특별시 강남구 도산대로100길24, 3층 (청담동,바티리을빌딩)
엘더트리주식회사,서울특별시 마포구 월드컵로10길 48, 302호
엘에스웨어(주),서울특별시 금천구 서부샛길606 대성디폴리스 A동 18층 1801호
엠몬스타,경기도 성남시 수정구 금토로80번길11, 601~604호(금토동,판교이노베이션랩지식산업센터)
엠비아이솔루션,서울특별시 마포구 삼개로21 501호(근신빌딩 제2별관)
엠아이큐브솔루션 주식회사,서울특별시 서초구 효령로55길23, 3~5층 (서초동, 동산빌딩)
엠포플러스(주),서울특별시 성동구 아차산로17길48, 1동 1619호(성수동2가, 성수에스케이브이원센터)
예스튜디오(주),경기도 안양시 동안구 시민대로327번길11-41(관양동) 6층 614호
온오프믹스,서울특별시 서초구 강남대로79길59, 3층
온잇코리아 주식회사,서울특별시 구로구 디지털로26길38, 10층 (구로동, G-Tower)
올리브유니온주식회사,서울특별시 서초구 서초대로52길38, 4층(서초동, 크란츠빌딩)
와이피랩스(주),서울특별시 강남구 영동대로424, 3층(대치동, 사조빌딩)
원투씨엠 (주),경기도 성남시 분당구 판교로255번길 35, A동 5층 원투씨엠 (주)
웹케시(주),서울특별시 영등포구 영신로220, knk디지털타워 12층, 20층
위프코(주),경기도 용인시 수지구 신수로767, A동 502호, 503호(동천동,  분당수지유타워)
위플래닛,서울특별시 서초구 강남대로18길16-6, 3층(양재동, 연합빌딩)
유니원아이앤씨(주),서울특별시 영등포구 은행로11,3층(여의도동,일신빌딩)
유니크굿컴퍼니,서울특별시 성동구 연무장13길8, 2층, 3층
유한회사 라이더대시코리아,서울특별시 강남구 테헤란로507, 10층
이노와이어리스,경기도 성남시 분당구 서현로190, 5층(일부 제외)
이데아텍(주),서울특별시 강남구 논현로80길31(역삼동)
이쓰리,서울특별시 성동구 아차산로17길서울시 성동구 아차산로 17길49, 제816호(성수동2가, 성수 생각공장 데시앙플렉스)
이아이씨엔, 서초대로서울특별시 서초구 서초대로 396, 15층 1501호 (서초동,강남빌딩)
인더포레스트,서울특별시 강남구 강남대로136길11, 6층 (논현동, 논현제일빌딩)
인지소프트, 테헤란로서울특별시 강남구 역삼동 테헤란로131, 16층(역삼동, 한국지식재산센터)
인포벨리코리아,경기도 안양시 동안구 시민대로248번길 25, 302호(관양동,경기창조산업안양센터)
인포보스(주),서울특별시 강남구 선릉로670, 301호
인프라소프트(주),서울특별시 마포구 월드컵북로402, 1702호 (상암동, 케이지아이티센터)
인플랩(주),경상북도 김천시 혁신로303, 303호(율곡동, 지텍지식산업센터)
자몽컴퍼니,인천광역시 서구 정서진로 410 환경산업연구단지 A동 102, 104, 105호
전능아이티(주),서울특별시 서초구 효령로53길21, 2층 전부, 9층 905호, 12층 전부(신성오피스텔비동)(서초동)
제이비티,서울특별시 강남구 논현로28길24 6층
제이알정보기술(주),경기도 성남시 분당구 벌말로50번길 41, 306호 (투아이센터)
제타럭스시스템,서울특별시 송파구 법원로128, 문정에스케이브이원 지엘메트로시티(문정동,에이동 410호 411호)
젠틀에너지 주식회사,서울특별시 마포구 성지길27, 2층,3층,4층,5층 (합정동, 디엠아이빌딩)
조앤소프트,경기도 성남시 분당구 판교로255번길9-22, 4층 414-1호(삼평동,판교우림더블유시티)
주식회사 5민랩,서울특별시 마포구 양화로19, 8층 5민랩(합정동, 합정오피스빌딩)
주식회사 그리다에너지,광주광역시 북구 첨단과기로176번길11, 302호 (오룡동, ETRI호남권연구센터)
주식회사 나인커뮤니케이션,제주특별자치도 제주시 애조로제주시 애조로 1230, 2층
주식회사 레몬베이스,서울특별시 성동구 왕십리로88, 노벨빌딩 5층
주식회사 리라소프트,부산광역시 해운대구 센텀5로41, 401호(우동, 엔에스엔빌딩)
주식회사 마켓잇(Marketit Inc.),서울특별시 성동구 왕십리로 125, 12층(성수동1가, 케이디타워) 
주식회사 메이사,서울특별시 강남구 봉은사로18길70, 1~4층 (역삼동)
주식회사 미다웍스,대구광역시 북구 경대로17길 47, 604호(복현동, IT융합산업빌딩)
주식회사 바비톡,서울특별시 강남구 역삼로3길13, 7층 8층(역삼동,케어랩스타워)
주식회사 뱅크샐러드,서울특별시 영등포구 여의대로108, 43층(여의도동, 파크원타워1)  
주식회사 버킷플레이스,서울특별시 서초구 서초대로74길4, 25층 27층(서초동, 삼성생명서초타워)
주식회사 시나몬,서울특별시 서초구 효령로77길28 동오빌딩 3층
주식회사 썬더소프트코리아 ,경기도 성남시 분당구 대왕판교로 670 유스페이스2 비동 401호(삼평동 유스페이스2)
주식회사 씨앤에이아이,서울특별시 서초구 서리풀길29-9, 1동 2층 (서초동, 서초시아)
주식회사 아레스,대전광역시 유성구 노은로170 스타시티 6층
주식회사 아이네블루메매니지먼트,서울특별시 강남구 삼성로571, 8층 사무공간 (삼성동, 케이빌딩)
주식회사 아인톱시스템,서울특별시 마포구 성암로179, 13층(상암동, 한샘상암)
주식회사 아키브소프트,경기도 고양시 일산동구 무궁화로20-38, 501호
주식회사 아티프렌즈,경기도 성남시 분당구 정자일로248, 상가동 1908호, 1504호
주식회사 엔진스튜디오,경기도 성남시 분당구 판교로256번길25, B동 201호(삼평동, 판교테크노밸리 씨3-7)(삼평동)
주식회사 온다,서울특별시 강남구 테헤란로83길49, 2층(삼성동)
주식회사 위밋모빌리티,서울특별시 마포구 백범로31길21, 본관615호 (공덕동, 서울창업허브,서울복지타운)
주식회사 직방,서울특별시 강남구 역삼로17길64, 4층 2호 (역삼동, 제스빌딩)
주식회사 집꾸미기,서울특별시 성동구 왕십리로125, 11층 1101호 (성수동1가)
주식회사 카카오스타일,서울특별시 강남구 테헤란로521, 27층(삼성동, 파로나스타워)
주식회사 큐리어드,서울특별시 강남구 논현로71길 20, 4층(역삼동, 현덕빌딩) 
주식회사 테사,서울특별시 성동구 상원1길5, 2층 3층 (성수동1가)
주식회사 포커스원,경기도 하남시 덕풍동 미사대로 550, 에이동251호, 에이동252호, 디동 비1-6호-2
주식회사그로브소프트,서울특별시 용산구 서빙고로17, 23층 2302호(한강로3가, 센트럴파크타워)
주식회사기원테크,서울특별시 구로구 디지털로31길53, 이앤씨벤처드림타워 5차 509호
주식회사누아,서울특별시 종로구 관철동 청계천로85, 10층(관철동, 삼일빌딩)
주식회사데일리샷,서울특별시 관악구 봉천로456, 8층 800호 (봉천동, 영인엠씨)
주식회사디앤디랩,서울특별시 서초구 강남대로 373, 6층 (서초동,홍우빌딩) 
주식회사라인웍스,서울특별시 서초구 강남대로51길1, 8층(서초동, 511타워)
주식회사로플랫,서울특별시 강남구 테헤란로20길6층(역삼동)
주식회사리턴제로,서울특별시 서초구 강남대로 343, 8층(서초동, 신덕빌딩)
주식회사마인딩,서울특별시 관악구 을지로서울특별시 중구 을지로 50, 19층 1909호,1910호(을지로2가, 을지 한국빌딩)
주식회사매스아시아,서울특별시 서초구 주흥3길9(반포동)
주식회사메디블록,서울특별시 강남구 테헤란로132, 12층(역삼동)
주식회사모두의클래스,서울특별시 마포구 양화로92, 4층 (서교동, 유남빌딩)
주식회사모아플래닛,서울특별시 금천구 가산디지털1로168, 씨동 706호(가산동, 우림라이온스밸리)
주식회사모프인터랙티브,서울특별시 마포구 월드컵북로4길51 CS빌딩 3층
주식회사몰로코,서울특별시 강남구 테헤란로231, WEST동 8,9층(역삼동, 센터필드)
주식회사백패커,서울특별시 마포구 동교로19길12(서교동)
주식회사버즈니,서울특별시 관악구 남부순환로1832, 3층, 4층, 10층, 11층, 12층, 14층 (봉천동, 오선빌딩)
주식회사뷰쓰리,서울특별시 서초구 신반포로47길 19, 4층
주식회사브랜디,서울특별시 테헤란로 38길 12,(역삼동, 디앤와이빌딩)
주식회사비트리,서울특별시 용산구 유엔빌리지길252, 제비 101-2호(한남동)
주식회사선도소프트,서울특별시 금천구 가산디지털1로 181, w센터 1701-1705호 
주식회사선도소프트,서울특별시 금천구 가산디지털1로128 1412호
주식회사세포아소프트,서울특별시 서초구 서초대로 122 5층
주식회사셀메이트, 만리재로서울특별시 마포구 공덕동 만리재로47 3층 5층( 신공덕동 공덕코어빌딩)
주식회사셰어킴,서울특별시 강남구  논현로79길 66,  402호(역삼동,청송빌딩)
주식회사소프트원,서울특별시 강서구 양천로583, B동 901,902호 (염창동, 우림블루나인비즈니스센터)
주식회사스냅컴퍼니,서울특별시 강남구 테헤란로32길27 (역삼동,동원빌딩)
주식회사스마일벤처스, 학동로7길서울특별시 강남구 논현동 학동로7길5, 2층,7층(논현동, 베틀빌딩)
주식회사스마트동스쿨,서울특별시 마포구 매봉산로 37, DMC산학협력센터 1005호 
주식회사스캐터랩,서울특별시 성동구 왕십리로 125, 케이디타워 901~902호(성수동1가) 
주식회사스타일닷컴,서울특별시 강남구 테헤란로521, 29층 (삼성동, 파르나스타워)
주식회사씨메스,서울특별시 강남구 선릉로132길3-7
주식회사씽크트리,서울특별시 마포구 매봉산로37, 404호(상암동, DMC산학협력연구센터)
주식회사아신아이,서울특별시 강남구 자곡로 174-10, 7층 707,708호(자곡동, 강남에이스타워)
주식회사아이아라,서울특별시 강남구 봉은사로47길12, 2동 202호(논현동, 진현빌딩)
주식회사아트만파트너스,서울특별시 강남구 논현로71길10 써밋빌딩 2층
주식회사어니스트펀드,서울특별시 영등포구 여의대로 24, 21층 비호(여의도동, 전경련회관)
주식회사에스브이,서울특별시 영등포구 국제금융로10, 쓰리아이에프씨 18층(여의도동)
주식회사에이에프아이,서울특별시 성동구 아차산로17길49, 1217호 (성수동2가, 생각공장데시앙플렉스)
주식회사엑스바엑스,서울특별시 송파구 중대로105, 901호 902호(가락동, 가락아이디타워)
주식회사엔키,경기도 성남시 수정구 고등로3, A동 411호, 412호(고등동, 현대지식산업센터 성남고등)
주식회사엠에이치엔씨티,서울특별시 성동구 아차산로103, 609호(성수동2가, 영동테크노타워)
주식회사오픈갤러리,서울특별시 성동구 왕십리로115, 8층(성수동1가, 헤이그라운드 서울숲점)
주식회사오픈서베이,서울특별시 강남구 강남대로84길13, 12~15층(역삼동, 케이알타워)
주식회사오픈소스컨설팅,서울특별시 강남구 테헤란로83길 32, 5층(삼성동,나라키움 삼성동 A빌딩) 
주식회사와이키키소프트,서울특별시 강남구 테헤란로87길57, 5층(삼성동, 감령빌딩)
주식회사우리강산시스템,서울특별시 금천구 가산디지털1로168 우림라이온스밸리 B동 1403~4호
주식회사웰비아닷컴,서울특별시 금천구 가산디지털1로145,1107호(가산동, 에이스하이엔드타워3차)
주식회사위주,서울특별시 금천구 가산디지털2로123, 517호 (가산동, 월드메르디앙벤처센터2차)
주식회사위즈페이스,서울특별시 강남구 영동대로82길9, 3층(대치동)
주식회사위키시큐리티,서울특별시 금천구 디지털로121, 에이스가산타워 1910호
주식회사윌두,서울특별시 금천구 가산디지털2로 67, 601호
주식회사유비디시전,서울특별시 용산구  청파로47길9  2~5층(청파동3가, 유비디시전빌딩)
주식회사이포넷,서울특별시 강남구 테헤란로87길 21, 15층 ( 삼성동, 동성빌딩 )
주식회사지니웍스,서울특별시 강남구 논현로653, 2층 (논현동)
주식회사지오스토리,서울특별시 강서구 화곡로68길 82, 406~408호(등촌동, 강서아이티밸리) 
주식회사집토스,서울특별시 성동구 성수이로22길37, 3층 (성수동2가, 성수동 아크벨리)
주식회사채널코퍼레이션,서울특별시 강남구 논현로508, 8층 (역삼동, GS강남타워)
주식회사체커,서울특별시 강서구 마곡중앙6로21, 917호
주식회사컴퓨터메이트,대구광역시 수성구 알파시티1로35길 23 컴퓨터메이트본사
주식회사케이브레인컴퍼니,서울특별시 마포구 성암로330 3층 323호
주식회사코드박스,서울특별시 강남구 테헤란로20길서울특별시 강남구 테헤란로20길 12, 5층 (역삼동, 안타워)
주식회사콘샐러드,서울특별시 송파구 송파대로167 테라타워1 B동 610호
주식회사클래스101,서울특별시 강남구 테헤란로302, 1층~11층, 13층 (역삼동, 위워크타워)
주식회사클래스팅,서울특별시 강남구 테헤란로427, 3층 (삼성동, 위워크타워)
주식회사테크랩스,서울특별시 강남구 언주로428, 9층 13층 (역삼동, 모제림빌딩)
주식회사투비네트웍스글로벌,경기도 용인시 처인구 포곡읍 성산로434. 3층
주식회사티엔코아,서울특별시 강서구 마곡중앙2로5, 510호(마곡동, 메트로비즈타워)
주식회사티오리한국,서울특별시 강남구 테헤란로414, 엘리베이터상5층(대치동,엘엔비타워)
주식회사티켓플레이스,서울특별시 강남구 봉은사로2길21, 5층 (역삼동, 반석빌딩)
주식회사프렌트립,서울특별시 성동구 왕십리로115,605호,606호,607호,608호 ( 성수동1가,헤이그라운드 서울숲점 G605)
주식회사프리버,서울특별시 마포구 양화로7길4-7, 2층
주식회사플랫팜,서울특별시 마포구 백범로31길21, 본관 5층 509호(공덕동, 서울창업허브)
주식회사피아이코드,경기도 안양시 동안구 흥안대로457-27, 408호(관양동, 에이스하이테크시티평촌)
주식회사하이메디,서울특별시 서초구 서초대로77길17, 11층 (서초동, BLOCK77)
주식회사해시드,서울특별시 강남구 테헤란로4길14, 미림타워 3층
주식회사헬프미,서울특별시 강남구 테헤란로77길14, 11층 01호 (삼성동, 이에스타워)
주식회사화이트블록,서울특별시 성동구 성수일로77, 8층 807호 (성수동 1가, 서울숲 IT밸리)
주식회사휴앤시스,경기도 안양시 동안구 학의로282, 비동 1824호(관양동, 금강펜테리움아이타워)
주식회사힐링페이퍼,서울특별시 강남구 테헤란로124, 13층(역삼동, 삼원타워(변협신회관빌딩))
주흘이엔지(주),경상북도 문경시 시청2길 21, 902호(모전동, 성덕오피스텔)
지뉴소프트,서울특별시 강남구 논현로81길9, 3층(역삼동, 부성빌딩)
지엔소프트,대전광역시 유성구 문지로272-16 AI 인공지능센터 201, 202, 203호 
지엔터프라이즈 주식회사,서울특별시 강남구 영동대로417, 지하1층 (대치동, 오토웨이 타워)
지티시스템 주식회사,서울특별시 서초구 동산로16길21, 지1층(양재동,연담루)
진주소프트, 송도문화로인천광역시 연수구 송도동 송도문화로119, B1층 B1010호(인천글로벌캠퍼스)
진진시스템(주),서울특별시 성동구 연무장5길9-16, 702~4호(성수동2가, 블루스톤타워)
차봇모빌리티 주식회사,서울특별시 성동구 왕십리로125, 801호
차이엑스 주식회사,서울특별시 성동구 성수이로20길16, 3층 301호(성수동2가, 제이케이타워)
천우항측주식회사,인천광역시 서구 염곡로464번길 23, 805호,806호(가정동, 엔시티타워)
캐플릭스,제주특별자치도 제주시 신광로21, 4층
케이씨넷,서울특별시 금천구 가산디지털1로137, 1801호(가산동, 아이티캐슬2차)
케이에스아이,경기도 안양시 동안구 전파로88,  701호(호계동, 신원비젼)
케이웨더(주),서울특별시 구로구 디지털로26길5 - 0 (에이스 하이-엔드타워 4층,구로동)
케이투웹테크(주),서울특별시 금천구 가마산로  96, 1510호
코드잇,서울특별시 중구 청계천로100, 동관 10층(수포동, 시그니쳐타워)
코리아엑스퍼트(주),서울특별시 영등포구 양평로22길 21 - 0 (양평동5가,선유도 코오롱디지털타워 1207호)
코어시큐리티,서울특별시 송파구 법원로8길9, 10층(문정동, 청렴타워)
코인원,서울특별시 영등포구 여의대로108, 파크원 타워1동 45층, 46층 (여의도동)
콩테크(주),경기도 성남시 분당구 대왕판교로 660, 비동 1203호 (삼평동)
클라우드브릭,서울특별시 영등포구 여의공원로115, 8층 (여의도동, 세우빌딩)
클레버로직,대전광역시 유성구 엑스포로 131, TJB  대전방송 별관 6층
클루피(주),대구광역시 북구 호암로 51 대구삼성창조캠퍼스 벤처오피스 215호
킹스정보통신(주),경기도 하남시 조정대로 150 아이테코 지식산업센터 953 (아파트형공장 ITECO ,덕풍동)
타이아(주),광주광역시 광산구 신창로127, 8층 
탄젠트,서울특별시 서초구 도구로16길3, 4층 401호
탱커 주식회사,서울특별시 영등포구 의사당대로83, 17층 서울핀테크랩 FLS1907-018 (여의도동, 한국휴렛팩커드빌딩)
테이블매니저(주),서울특별시 성동구 성수이로20길16, 901(성수동2가, 제이케이타워)
투스라이프,경기도 성남시 분당구 백현로93, 11층(수내동, 후너스빌딩)
트래볼루션,서울특별시 종로구 청계천로85, 10층(관철동, 삼일빌딩)
트랜스버스,경기도 성남시 분당구 판교역로A동 618호(삼평동, 삼환하이펙스)
트윔,경기도 화성시 삼성1로4길  7-4(4층 일부 제외)
티쓰리큐 주식회사,서울특별시 구로구 디지털로30길28 마리오타워 603호
팀블랙버드(주),서울특별시 영등포구 의사당대로 83 5층 122호
파인브이티,경기도 안양시 동안구 시민대로383, B동 1202,1206호(관양동,디지털엠파이어)
패킷플레이 주식회사,서울특별시 영등포구 선유로49길23, 1511호 (아이에스비즈타워2차)
페이위드,서울특별시 금천구 가산디지털2로173 에이스 비즈프레 716호
펜타시큐리티시스템(주),서울특별시 영등포구 여의공원로115, 8층 9층(여의도동, 세우빌딩)
포인드(주),경상북도 구미시 구미대로350-27, 모바일융합기술센터 320호
퓨렌스(주),서울특별시 금천구 디지털로 121 제 503 504호(가산동 에이스가산타워) 
플렉스(주),경기도 성남시 분당구 황새울로359번길11, 7,8층(서현동, 미래에셋플레이스)
플링크,서울특별시 관악구 남부순환로1690, 4층(봉천동, 디에스타워)
피노텍,서울특별시 서초구 양재천로9길 1, 3층 (양재동, 용두빌딩)
핌즈(주),서울특별시 중랑구 신내역로3길40-36 A동 1217호(신내동, 신내데시앙플러스)
핑거포스트,서울특별시 구로구 디지털로26길111, 302호 (구로동, 제이앤케이디지털타워)
하임시큐리티,서울특별시 강남구 테헤란로 312, 6층
한국디지탈콘트롤(주),경기도 안양시 만안구 전파로24번길35-20, 케이디씨빌딩 1층, 4층
한국비즈넷(주),서울특별시 구로구 디지털로29길38 에이스테크노타워 3차 301호
한솔코에버(주),서울특별시 금천구 가산디지털1로168, C-901
한시큐리티(주),경기도 과천시 별양상가2로 14, 6층 608호(별양동,제일쇼핑)
해치랩스주식회사,서울특별시 강남구 봉은사로179, 12층 (논현동, 에이치타워)
핵클 주식회사,서울특별시 강남구 논현로75길8, 5층(역삼동, 비드빌딩)
호디,서울특별시 마포구 마포대로4라길30(마포동,쌍용황금빌딩 301호)
호스트센터(주),서울특별시 서초구 법원로1길6 1층
홍익과학기술,경기도 성남시 수정구 성남대로1262, 6층(태평동, 동신타워)
휴먼아이씨티,서울특별시 강남구 도곡로111, 13층(역삼동, 미진빌딩)
휴멜로㈜,서울특별시 서초구 강남대로315, 3층 301호 (서초동, 파이낸셜뉴스빌딩)
